{
	"class_name" : "PinholeCameraParameters",
	"extrinsic" : 
	[
		-0.77394908176636501,
		0.058152235847115118,
		-0.6305720706620157,
		0.0,
		0.63324003321685673,
		0.076014705935911045,
		-0.77021349300891329,
		0.0,
		0.0031431138246869675,
		-0.99540950464994993,
		-0.095655835619300245,
		0.0,
		-3.3618450725840994,
		2.9274178750202857,
		0.27275870653822759,
		1.0
	],
	"intrinsic" : 
	{
		"height" : 1061,
		"intrinsic_matrix" : 
		[
			918.85295341528945,
			0.0,
			0.0,
			0.0,
			918.85295341528945,
			0.0,
			959.5,
			530.0,
			1.0
		],
		"width" : 1920
	},
	"version_major" : 1,
	"version_minor" : 0
}