{
	"class_name" : "PinholeCameraParameters",
	"extrinsic" : 
	[
		-0.13096528263703272,
		-0.31409150324157692,
		0.94031623528217823,
		0.0,
		-0.99114204947364004,
		0.020400942735956197,
		-0.13122971957859597,
		0.0,
		0.022034802222730174,
		-0.94917349790590488,
		-0.3139811114765893,
		0.0,
		-0.77890921423199455,
		6.7462791826161936,
		7.6009766263140097,
		1.0
	],
	"intrinsic" : 
	{
		"height" : 1061,
		"intrinsic_matrix" : 
		[
			918.85295341528945,
			0.0,
			0.0,
			0.0,
			918.85295341528945,
			0.0,
			959.5,
			530.0,
			1.0
		],
		"width" : 1920
	},
	"version_major" : 1,
	"version_minor" : 0
}